<pod-definition code="-1" type="HP 3PAR Pod" label="HP 3PAR Pod">
	<pod-element category="1" name="Cisco UCS" code="-1" count="1" account-types="11">
		<device-model vendor="[cC]isco" version=".*" model="UCSM" />
	</pod-element>
	<pod-element category="3" name="NXOS" count="6" code="81" account-types="nxos">
		<device-model vendor="[cC]isco" version=".*" model="Nexus[\s]*[157].*" />
	</pod-element>
	<pod-element category="2" count="2" code="77" account-types=".*">
		<device-model vendor=".*" version=".*" model=".*" />
	</pod-element>
</pod-definition>