<pod-definition code="-1" type="HP3Par" label="HP3Par">
	<pod-element category="1" name="Cisco UCS" code="-1" count="1" account-types="11">
		<device-model vendor="[cC]isco" version=".*" model="UCSM" />
	</pod-element>
	<pod-element category="3" name="NXOS" count="6" code="81" account-types="nxos">
		<device-model vendor="[cC]isco" version=".*" model="Nexus[\s]*[157].*" />
	</pod-element>
	<pod-element category="2" count="2" code="77" account-types="HP 3PAR Account">
<device-model vendor="[hH]P3Par" version=".*" model="FAS.*|.*Cluster.*|.*OnCommand.*|.*DFM.*" />
	</pod-element>
</pod-definition>